Id,MSSubClass,OverallQual,GrLivArea,YearBuilt,SalePrice
1461,20,5,896,1961,126942.22
1462,20,6,1329,1958,151457.55
1463,60,5,1629,1997,180066.95
1464,60,6,1604,1998,184506.73
1465,120,8,1280,1992,197238.69
1466,60,6,1655,1993,182858.86
1467,20,6,1187,1992,172680.67
1468,60,6,1465,1998,175952.34
1469,20,7,1341,1990,178594.45
1470,20,4,882,1970,122951.914
1471,120,7,1337,1999,195323.64
1472,160,6,987,1971,101594.695
1473,160,5,1092,1971,106581.73
1474,160,6,1456,1975,153029.75
1475,120,7,836,1975,131704.8
1476,60,9,2334,2009,373150.72
1477,20,8,1544,2009,268094.22
1478,20,9,1698,2005,319383.88
1479,20,8,1822,2005,291133.62
1480,20,9,2696,2003,463648.2
1481,60,8,2250,2002,317740.8
1482,120,8,1370,2006,210115.5
1483,20,6,1324,2005,180391.33
1484,120,7,1145,2006,177428.19
1485,80,7,1374,2004,177272.17
1486,60,7,1733,2004,201226.44
1487,60,8,2475,1998,316406.28
1488,20,8,1595,2005,240450.64
1489,20,7,1218,2009,203185.3
1490,20,6,1468,2005,204178.52
1491,60,7,1659,2004,197527.2
1492,30,5,1012,1920,100639.35
1493,20,6,1494,1974,179399.12
1494,60,8,2349,1993,305296.47
1495,60,8,2225,1992,295921.97
1496,120,7,1488,2004,229350.02
1497,160,7,1680,2004,191855.84
1498,160,7,1200,2004,162160.9
1499,160,7,1200,2004,162523.36
1500,160,6,1236,2005,161232.6
1501,160,6,1512,2000,172843.58
1502,160,7,1080,2003,159426.3
1503,20,8,1418,2010,279457.75
1504,60,8,1848,2000,238285.12
1505,20,7,1492,2002,220536.98
1506,20,6,1829,1967,182013.6
1507,60,6,2495,1993,233273.95
1508,50,6,1891,1978,194251.19
1509,60,6,1645,1971,161432.28
1510,20,5,1232,1966,150375.03
1511,20,5,1209,1966,148222.06
1512,20,5,1510,1967,164662.39
1513,80,6,1775,1964,147584.08
1514,90,5,1728,1962,152030.16
1515,50,5,2461,1952,183837.88
1516,50,6,1556,1949,155535.31
1517,85,6,1128,1966,147797.67
1518,90,5,1604,1958,135378.92
1519,20,7,1480,2003,225589.6
1520,20,5,1143,1959,136331.42
1521,20,5,1206,1959,138211.12
1522,20,6,1580,1959,163273.1
1523,50,4,1337,1956,115323.98
1524,20,5,1064,1952,123145.21
1525,20,5,972,1955,129581.58
1526,190,5,988,1958,127361.086
1527,30,4,985,1920,114684.87
1528,50,6,1224,1948,134119.97
1529,20,5,1175,1960,144089.97
1530,20,6,1395,1963,165979.75
1531,50,4,1844,1900,134491.69
1532,30,5,936,1920,105602.234
1533,20,5,1347,1957,143820.33
1534,45,6,1251,1938,119856.18
1535,50,5,1633,1948,146903.89
1536,50,5,1245,1920,122335.84
1537,30,2,832,1923,96171.55
1538,70,8,1566,1900,174982.44
1539,70,8,2268,1890,220172.97
1540,190,5,2256,1910,117912.49
1541,70,6,1470,1922,143944.8
1542,50,5,1612,1950,140385.02
1543,75,7,2068,1922,197459.72
1544,30,4,765,1925,96851.086
1545,50,6,1132,1939,106088.27
1546,50,6,1196,1940,136917.05
1547,50,5,1453,1942,146982.06
1548,50,6,1416,1948,135041.14
1549,50,5,1040,1936,120410.875
1550,50,5,1536,1930,144317.45
1551,30,6,1068,1923,121231.375
1552,50,4,1962,1915,141877.9
1553,70,6,1560,1912,135121.7
1554,70,6,1324,1920,119675.016
1555,20,5,1675,1959,171954.62
1556,50,5,1224,1917,95690.086
1557,190,5,1392,1915,117493.55
1558,50,6,919,1940,98326.625
1559,70,4,1884,1907,111669.305
1560,190,5,1680,1910,147646.75
1561,90,4,1832,1967,134099.56
1562,20,5,892,1966,127502.79
1563,20,5,864,1968,125193.06
1564,90,5,1373,1978,163141.1
1565,60,5,1440,1968,160510.06
1566,20,7,1483,1977,227804.83
1567,30,4,756,1927,84874.93
1568,60,6,1981,1978,214887.92
1569,50,3,1610,1938,142708.03
1570,20,6,1074,1950,133744.67
1571,50,4,1531,1947,129318.555
1572,20,5,1172,1954,141003.73
1573,20,7,1508,2009,229335.58
1574,20,5,1298,1964,130864.92
1575,20,7,1433,1987,213777.3
1576,60,6,1802,1993,224699.64
1577,20,7,1222,2010,199860.47
1578,50,6,1445,1900,148095.3
1579,85,5,965,1996,142197.05
1580,60,7,1692,1997,191526.03
1581,20,5,1026,1977,145437.0
1582,20,5,876,1972,129131.88
1583,20,8,1978,2003,329031.28
1584,60,7,2098,1997,239522.19
1585,120,6,848,2003,140299.48
1586,30,3,640,1945,84060.38
1587,20,5,992,1954,104525.74
1588,20,5,1196,1968,142782.3
1589,50,4,1120,1948,100300.945
1590,80,6,1096,1975,128856.484
1591,20,4,960,1958,98202.414
1592,30,5,1296,1924,133492.62
1593,30,6,856,1939,124580.914
1594,90,4,2650,1967,140851.06
1595,50,5,1666,1931,122704.52
1596,50,7,2133,1941,217342.66
1597,90,5,2177,1950,172681.98
1598,80,7,1652,1994,190734.23
1599,120,8,1034,1989,192162.48
1600,120,8,1191,1989,188738.19
1601,30,2,540,1941,80522.95
1602,50,6,1107,1921,114297.44
1603,30,4,952,1896,98012.65
1604,120,8,1646,2004,280225.25
1605,60,8,1916,1998,260030.11
1606,80,6,1285,1977,165754.17
1607,90,6,2048,1976,173619.42
1608,20,7,1346,2008,220604.03
1609,20,7,1214,2009,190259.77
1610,60,5,1444,2006,163515.36
1611,20,5,1264,1965,152450.08
1612,20,5,1430,2004,175887.45
1613,20,5,1344,1999,174749.58
1614,120,5,945,1973,131132.38
1615,160,4,1092,1970,86367.805
1616,160,4,1092,1970,79479.92
1617,160,4,1092,1972,94784.61
1618,20,5,874,1971,127621.32
1619,20,5,833,1984,134767.98
1620,90,5,2432,1985,180678.64
1621,60,5,1274,1991,143379.61
1622,50,5,1479,1969,144967.4
1623,20,8,1803,1994,270350.78
1624,60,6,1797,1993,203180.08
1625,20,6,882,1956,126633.98
1626,20,6,1434,1974,172707.45
1627,60,6,1608,1997,184119.4
1628,60,8,2283,2003,277472.1
1629,80,7,1628,1996,177998.6
1630,120,8,2522,2004,313113.84
1631,120,8,1478,1998,211710.84
1632,120,8,1734,1995,246414.28
1633,80,7,1382,1998,172991.52
1634,60,6,1636,1998,183947.81
1635,60,6,1516,1994,180451.27
1636,20,6,1190,1993,164046.81
1637,60,5,1934,1977,186881.39
1638,60,7,2050,1978,215209.02
1639,20,6,1671,1978,183266.94
1640,60,7,2673,1980,242720.34
1641,20,6,1707,1978,180126.77
1642,60,7,1884,2003,224840.33
1643,60,8,1874,2000,227624.2
1644,60,8,1811,2002,228944.69
1645,20,5,1621,1975,187974.5
1646,20,6,1116,1974,155838.44
1647,20,7,1193,1975,157133.94
1648,20,5,1180,1970,139537.7
1649,20,5,1050,1971,136635.81
1650,20,4,864,1970,124959.68
1651,20,4,864,1971,125793.02
1652,160,6,987,1973,103210.016
1653,160,6,987,1972,107353.234
1654,160,6,1548,1976,154107.39
1655,120,7,1055,1975,154224.31
1656,160,6,1456,1977,151486.7
1657,160,6,1548,1978,152993.62
1658,160,6,1456,1978,153269.94
1659,120,7,836,1976,140183.6
1660,20,5,1120,1966,155187.38
1661,60,9,2772,2007,453855.72
1662,60,9,2690,2009,376313.06
1663,20,9,2020,2008,377223.22
1664,20,10,2674,2007,455518.44
1665,20,9,1736,2008,336898.3
1666,20,8,1782,2004,343579.1
1667,60,8,2520,2007,340266.12
1668,20,9,1743,2008,344795.7
1669,20,9,1531,2006,311460.9
1670,20,9,1808,2008,354578.2
1671,20,7,1760,2003,260144.69
1672,20,9,2452,2003,446758.72
1673,60,8,2400,2003,305127.34
1674,20,8,1606,2006,269901.0
1675,120,6,1358,2005,191885.16
1676,120,6,1306,2005,194937.7
1677,120,7,1358,2007,210371.11
1678,20,10,2492,2004,450061.56
1679,20,8,2200,2003,377080.44
1680,120,9,1884,2008,316502.28
1681,120,9,1456,2008,264659.22
1682,20,8,1712,2002,315560.1
1683,120,7,1405,2003,199003.47
1684,60,7,1456,2005,174423.25
1685,60,6,1490,2005,176621.28
1686,120,7,1220,2005,173562.88
1687,80,7,1374,2004,170413.38
1688,60,7,1630,2004,191436.4
1689,60,7,1594,2004,191305.98
1690,60,7,1489,2003,186340.12
1691,60,7,1342,2003,179451.52
1692,60,8,2004,2002,265866.38
1693,80,7,1374,2004,172636.95
1694,60,6,1514,2000,181276.25
1695,80,7,1430,1999,172765.62
1696,60,7,2312,1999,267101.6
1697,80,7,1430,1999,172168.55
1698,60,8,2687,2000,336094.5
1699,20,8,2063,1994,325653.94
1700,60,7,2061,1995,248622.34
1701,60,8,2232,1993,264701.2
1702,20,8,1696,2008,259188.36
1703,20,8,1658,2008,259965.83
1704,20,8,1702,2007,291319.9
1705,20,8,1432,2006,230241.92
1706,20,9,2490,2005,417498.1
1707,20,7,1436,2008,211433.44
1708,20,7,1402,2008,216005.81
1709,20,9,1530,2007,297578.16
1710,20,8,1448,2006,225149.81
1711,60,8,1795,2006,277530.7
1712,20,8,1836,2008,253972.73
1713,20,7,1662,2006,262646.62
1714,20,7,1553,2003,220098.39
1715,60,7,1653,2003,203887.11
1716,20,7,1218,2007,185836.78
1717,20,7,1141,2006,170020.4
1718,20,6,1158,2004,122329.99
1719,60,7,1812,2004,208514.88
1720,20,8,1512,2004,253115.78
1721,20,7,1114,2004,174754.7
1722,20,5,1114,2004,115962.02
1723,20,5,1114,2003,159179.81
1724,20,7,1450,2008,216231.19
1725,60,7,2122,1996,232325.44
1726,60,6,1730,1992,184646.9
1727,120,6,1332,1990,171813.33
1728,60,7,1540,1994,185257.08
1729,60,6,1400,1986,165841.69
1730,90,6,1882,1981,167061.98
1731,20,5,980,1962,125652.92
1732,20,5,864,1961,132466.23
1733,20,5,864,1961,124424.125
1734,20,5,1020,1965,131466.78
1735,20,5,912,1963,133592.02
1736,20,5,912,1962,122616.13
1737,20,8,2014,1980,329002.9
1738,60,7,1755,1991,216821.77
1739,160,7,3005,2004,274306.34
1740,120,6,1726,2008,209916.22
1741,120,6,1256,2008,184413.19
1742,160,6,1512,2000,170844.5
1743,160,7,1452,1999,174133.0
1744,20,8,1694,1977,284063.9
1745,20,7,1740,1981,212898.05
1746,80,8,2499,1976,235109.28
1747,60,7,2067,1974,222450.34
1748,60,6,2640,1967,214151.98
1749,20,5,1336,1969,165091.56
1750,20,6,1216,1969,142419.27
1751,60,7,2288,1977,232796.4
1752,20,5,864,1967,124184.71
1753,20,5,1568,1967,147895.3
1754,60,7,2061,1974,208268.98
1755,85,6,1320,1971,167091.97
1756,20,4,894,1960,129863.73
1757,20,5,864,1959,119734.88
1758,20,4,1362,1957,152764.92
1759,20,5,1728,1956,164922.72
1760,20,5,1313,1961,164583.17
1761,20,5,1292,1964,158406.12
1762,60,5,2140,1965,172870.31
1763,80,6,1576,1961,164432.28
1764,20,5,960,1955,121114.46
1765,20,6,1691,1967,168875.53
1766,20,6,1453,1961,172002.7
1767,20,6,1567,1966,195980.6
1768,20,5,1144,1956,139656.6
1769,20,7,1329,1960,169024.83
1770,20,6,988,1959,144999.92
1771,20,5,1202,1956,133607.89
1772,20,5,1382,1955,139822.25
1773,20,4,1200,1956,136340.39
1774,90,5,1866,1958,134793.28
1775,20,6,1062,1954,131485.86
1776,20,5,1112,1951,115809.97
1777,30,5,793,1945,116711.54
1778,20,5,1031,1952,130343.375
1779,20,5,1210,1953,117043.984
1780,60,7,1527,1948,169889.14
1781,20,5,1200,1950,129975.87
1782,20,3,792,1958,102563.34
1783,60,5,1352,1939,140667.05
1784,70,4,1039,1900,101782.56
1785,30,5,1078,1925,117125.37
1786,50,4,2377,1915,148189.2
1787,70,7,1690,1910,169809.25
1788,30,2,599,1940,69885.61
1789,30,5,846,1920,102583.266
1790,30,3,725,1890,94222.99
1791,90,6,2544,1969,183653.92
1792,20,6,1380,1963,151330.17
1793,20,6,1040,1967,144571.03
1794,20,6,951,1958,143142.12
1795,20,6,1105,1957,135446.47
1796,20,6,1142,1958,126899.484
1797,50,6,1133,1950,130191.13
1798,20,5,1041,1958,123251.11
1799,20,5,732,1952,117073.57
1800,80,5,1183,1959,126519.49
1801,50,4,1461,1949,131884.73
1802,50,6,1495,1948,145310.92
1803,60,6,1806,1964,153430.67
1804,90,5,941,1978,141081.67
1805,20,6,1045,1963,135491.53
1806,50,6,1378,1935,120756.96
1807,90,6,1944,1910,139167.55
1808,50,5,1306,1910,127311.39
1809,70,5,1464,1910,122564.93
1810,70,5,1558,1939,142622.81
1811,190,4,1701,1920,105741.67
1812,50,5,1447,1910,108605.805
1813,50,5,1328,1950,124669.6
1814,30,4,861,1920,100486.38
1815,30,2,612,1940,75615.56
1816,30,5,792,1923,101985.63
1817,70,4,1510,1910,119403.734
1818,70,6,2007,1900,139611.27
1819,70,6,1288,1917,121864.06
1820,30,4,816,1910,77067.42
1821,50,6,1480,1920,119437.086
1822,70,6,1521,1910,148761.5
1823,30,3,797,1900,70867.13
1824,30,6,1432,1923,138585.14
1825,70,5,1654,1930,142385.75
1826,50,5,1142,1924,100929.76
1827,30,5,995,1925,112105.766
1828,50,5,1582,1938,137469.4
1829,30,5,1072,1925,130075.83
1830,70,6,1768,1915,135767.16
1831,70,7,1944,1915,152896.95
1832,90,5,2128,1922,116706.086
1833,70,6,1930,1927,139144.14
1834,70,6,1427,1915,127692.37
1835,190,7,1864,1902,154920.2
1836,50,6,1666,1927,127624.01
1837,85,4,892,1923,100282.36
1838,190,6,1403,1915,132332.23
1839,20,4,704,1946,99025.6
1840,90,5,1200,1987,156580.16
1841,90,5,1152,1978,144224.88
1842,50,5,1112,1934,93322.65
1843,20,5,1052,1967,140851.83
1844,85,6,1034,1978,139363.69
1845,80,5,1774,1961,147456.55
1846,80,6,1138,1960,153976.36
1847,80,5,2071,1956,165460.48
1848,20,2,660,1947,69622.65
1849,20,4,1383,1954,118466.11
1850,20,5,1073,1956,123374.44
1851,60,6,1639,1946,152769.02
1852,20,5,1089,1954,128177.37
1853,120,5,1049,1984,138659.83
1854,80,7,1061,1990,169503.88
1855,80,6,1338,1983,161319.52
1856,60,7,1879,1993,218756.16
1857,70,5,2016,1880,171420.72
1858,90,5,2228,1979,148253.34
1859,90,5,1535,1979,127017.98
1860,90,5,1229,1979,155457.22
1861,90,5,1513,1979,127017.98
1862,90,7,2787,2000,290459.5
1863,90,7,2787,2000,286814.53
1864,90,7,2787,2000,286814.53
1865,20,9,1680,2009,351408.9
1866,20,9,1720,2008,332041.4
1867,20,8,1468,2008,245747.12
1868,20,8,1838,2007,279722.62
1869,20,7,1290,2007,201864.3
1870,20,8,1254,2008,253029.88
1871,20,8,1498,2005,254909.48
1872,60,6,1422,2005,174286.56
1873,60,7,1759,1992,225783.73
1874,20,5,990,1994,139263.22
1875,20,7,1463,1998,205134.0
1876,60,6,1772,1998,191328.84
1877,20,7,1444,2002,208994.38
1878,20,7,1492,2001,214042.56
1879,20,5,907,1978,132687.03
1880,20,5,914,1979,138050.97
1881,20,7,1611,2002,247557.0
1882,60,8,2184,2003,246161.27
1883,60,7,1725,2002,200849.67
1884,60,7,1870,2001,212227.12
1885,20,8,1513,1999,247133.84
1886,20,8,1828,2002,272963.47
1887,20,7,1417,1997,202344.48
1888,20,8,1602,2007,283840.84
1889,60,6,1396,2007,172480.48
1890,20,4,1149,1960,129383.695
1891,180,6,1072,2005,141174.44
1892,20,4,876,1959,110422.41
1893,20,5,1368,1950,130492.34
1894,90,5,1678,1959,132383.14
1895,20,5,1560,1956,144305.14
1896,50,5,1298,1941,123825.73
1897,50,5,1268,1938,128277.3
1898,70,6,1242,1935,116113.98
1899,30,6,1232,1916,146928.48
1900,70,7,1228,1918,138635.52
1901,50,5,1567,1940,168501.06
1902,20,5,1273,1960,137038.77
1903,90,7,2480,1940,215342.6
1904,20,5,1112,1954,134808.36
1905,20,6,1561,1960,186384.61
1906,50,5,1523,1949,156749.34
1907,20,6,1906,1954,200565.05
1908,160,6,1032,1980,122463.945
1909,160,6,1229,1980,140019.78
1910,160,6,1229,1980,129723.55
1911,80,6,1982,1986,199259.5
1912,20,7,2365,1971,275643.22
1913,70,5,2168,1900,155287.17
1914,30,4,572,1925,78262.75
1915,120,8,1648,2007,297996.16
1916,30,2,810,1910,81989.91
1917,60,8,2052,2000,262577.25
1918,85,6,926,1977,135871.72
1919,85,6,1287,1977,165875.23
1920,20,5,1595,1991,165467.55
1921,20,9,2036,2008,388206.06
1922,20,9,1641,2008,326531.8
1923,60,6,2237,1980,207671.5
1924,80,7,1479,1987,221121.7
1925,60,7,2014,2003,229693.66
1926,20,9,1978,2007,373708.2
1927,20,5,1008,1968,134605.05
1928,20,5,1404,1969,163680.62
1929,85,5,796,1972,129903.36
1930,80,6,1091,1993,134693.95
1931,85,5,883,1992,142399.78
1932,60,5,1287,1992,141896.23
1933,60,5,1632,1969,176656.64
1934,60,6,1604,1997,178653.17
1935,60,6,1470,1995,178266.45
1936,60,6,1604,1998,183880.39
1937,60,6,1636,1996,184074.1
1938,20,5,1384,1996,172896.44
1939,120,8,1682,1997,249836.9
1940,120,8,1280,1992,196483.0
1941,60,6,1633,1998,178517.83
1942,60,6,1709,1991,183555.98
1943,120,8,1337,1989,204476.81
1944,60,8,2500,2005,313978.2
1945,20,9,1884,2004,362263.4
1946,20,6,1474,1952,167201.3
1947,120,9,1710,2007,305497.4
1948,20,6,1488,1950,175571.19
1949,20,7,1688,1988,226083.9
1950,20,7,1260,1983,179020.92
1951,20,7,2064,1978,249874.81
1952,20,7,1782,1979,215622.38
1953,20,6,1211,1976,169896.92
1954,60,7,2044,1980,203704.5
1955,60,5,1308,1969,136094.84
1956,60,7,2840,1978,275664.84
1957,20,6,1444,1976,167519.6
1958,60,8,2340,1996,308131.75
1959,90,5,1792,1974,143446.56
1960,20,4,936,1969,117368.63
1961,20,5,864,1971,123743.19
1962,160,6,987,1973,109187.73
1963,160,6,987,1972,111857.234
1964,160,5,1302,1972,116550.23
1965,160,6,1456,1975,150798.34
1966,120,7,1055,1977,151366.11
1967,20,8,1582,2007,300092.1
1968,20,8,2464,2007,388019.78
1969,20,9,1950,2007,378961.0
1970,60,9,2748,2006,412851.38
1971,60,10,2790,2005,426471.62
1972,60,9,2331,2005,370536.8
1973,60,8,2088,2007,276954.25
1974,60,8,2332,2004,317572.88
1975,20,10,2470,2003,437712.9
1976,20,8,1575,2003,290869.6
1977,60,8,2649,2001,354594.34
1978,60,8,2690,2003,338546.44
1979,120,9,1866,2008,346640.7
1980,120,7,1367,2005,200556.44
1981,120,9,1800,2007,353231.0
1982,120,8,1342,2006,225170.52
1983,120,8,1342,2006,213774.31
1984,160,7,1626,2003,170309.83
1985,120,7,1455,2003,211159.84
1986,120,7,1576,2004,210379.03
1987,20,7,1246,2007,182242.88
1988,60,6,1515,2004,180153.81
1989,60,7,1720,2002,194484.25
1990,60,7,1986,2003,219029.03
1991,120,7,1358,2007,211136.55
1992,60,7,1892,2000,207972.27
1993,60,7,1414,2002,173964.39
1994,60,7,2322,1999,237700.97
1995,60,7,1651,1999,183760.55
1996,75,8,2199,1997,259386.66
1997,60,9,2172,2000,323453.7
1998,20,8,2006,1998,347343.7
1999,60,7,2125,1996,253403.73
2000,60,8,2501,1995,299674.8
2001,60,7,2197,1993,278837.88
2002,20,7,1578,2006,243536.98
2003,60,8,1861,2007,257877.77
2004,60,8,1874,2007,284301.8
2005,20,8,1460,2006,224804.61
2006,20,8,1372,2007,221609.11
2007,20,8,1660,2007,253947.61
2008,20,7,1218,2007,206533.23
2009,60,6,1696,2003,191234.62
2010,60,7,1663,2003,198258.95
2011,20,6,1175,2005,129588.37
2012,20,7,1162,2007,179550.03
2013,60,6,1609,1995,180557.84
2014,60,6,1680,1993,188076.69
2015,60,7,1657,1994,197458.48
2016,60,6,1677,2001,190621.27
2017,60,7,1737,1992,199990.5
2018,20,5,984,1963,128909.2
2019,20,5,864,1961,135373.06
2020,190,5,890,1968,125123.63
2021,20,5,864,1963,118460.55
2022,20,6,1430,1974,181355.92
2023,50,5,1641,1972,150085.73
2024,60,6,2683,1990,239227.45
2025,60,9,2786,1993,326247.8
2026,120,7,1245,2004,185595.48
2027,160,6,1200,2005,157766.66
2028,160,7,1392,2007,160448.5
2029,160,6,1549,1999,170598.89
2030,120,9,1638,2000,283242.22
2031,120,9,1310,2001,253473.05
2032,120,9,1419,2001,260232.05
2033,120,9,1557,1999,268633.12
2034,160,7,1404,1999,168154.47
2035,60,7,1789,2001,207844.95
2036,160,8,1586,1999,199830.08
2037,160,8,1607,1999,204653.05
2038,160,10,2393,1998,298489.97
2039,120,8,1239,1995,212263.11
2040,60,9,2944,1977,376540.72
2041,20,8,1671,1976,262590.9
2042,60,7,1812,2002,209021.16
2043,80,6,1427,1969,167076.88
2044,20,6,1740,1968,177902.53
2045,20,7,1620,1967,206285.67
2046,90,5,1625,1965,140595.8
2047,60,5,1464,1968,148107.56
2048,20,5,925,1965,137520.14
2049,90,5,1728,1965,139522.72
2050,60,7,1670,1971,172510.38
2051,20,5,1014,1956,106920.45
2052,20,5,1114,1961,135363.95
2053,20,5,1118,1960,140368.22
2054,70,4,906,1937,88812.016
2055,20,5,1496,1960,151277.56
2056,20,5,1337,1950,139011.45
2057,20,5,1036,1953,124105.03
2058,60,6,1988,1966,212384.33
2059,20,5,1176,1957,137270.8
2060,20,5,1440,1959,157401.5
2061,20,6,1570,1958,167421.3
2062,20,5,1104,1956,134137.12
2063,20,5,882,1952,112074.08
2064,20,5,1152,1953,139430.36
2065,20,5,950,1953,121004.06
2066,20,6,1790,1957,171713.4
2067,20,5,1764,1957,142444.77
2068,90,5,1824,1957,137737.5
2069,20,4,869,1948,90796.62
2070,50,5,1159,1925,107943.86
2071,30,4,672,1940,103169.664
2072,50,5,1436,1922,148660.11
2073,20,5,1044,1968,145946.47
2074,20,7,1312,1958,180341.08
2075,20,6,1081,1960,143640.19
2076,20,5,876,1951,123779.03
2077,20,5,1256,1959,145069.0
2078,20,5,1027,1962,130198.586
2079,50,6,1320,1948,137281.42
2080,45,6,984,1954,120074.805
2081,50,6,1278,1954,128442.78
2082,90,5,1800,1961,130588.414
2083,50,5,1588,1955,142165.97
2084,20,5,825,1954,115323.734
2085,20,5,1117,1963,127540.32
2086,20,6,1133,2008,131801.48
2087,50,5,1323,1948,127887.22
2088,70,5,1360,1910,113135.21
2089,30,5,672,1940,88320.234
2090,75,6,1456,1915,137567.1
2091,190,4,1594,1910,117653.6
2092,50,4,1656,1940,130446.68
2093,50,5,1740,1920,127514.23
2094,30,7,1027,1920,127955.99
2095,190,6,1436,1940,150482.3
2096,30,5,899,1910,91393.9
2097,50,5,1080,1890,97368.65
2098,50,5,1499,1946,142451.84
2099,20,2,407,1946,77267.055
2100,20,3,1588,1949,109122.414
2101,190,5,1627,1900,130340.86
2102,75,7,1450,1920,139402.02
2103,50,5,1017,1900,108227.3
2104,190,5,2350,1920,132637.23
2105,70,5,1540,1905,121535.29
2106,70,2,1086,1920,82484.2
2107,70,7,2495,1890,212418.5
2108,20,5,984,1959,120159.87
2109,20,4,1093,1958,118657.555
2110,30,5,1143,1928,131663.05
2111,50,7,1668,1945,151659.1
2112,50,5,1738,1935,141139.56
2113,50,5,1210,1941,123446.66
2114,70,6,1290,1900,119224.42
2115,50,6,1672,1940,152857.39
2116,30,5,949,1924,122181.92
2117,50,6,1497,1937,147256.67
2118,50,6,1342,1939,124060.62
2119,45,6,1013,1926,113191.38
2120,50,5,1216,1920,115650.95
2121,20,4,896,1946,91470.3
2122,50,4,1136,1929,107617.45
2123,30,5,808,1945,98735.31
2124,50,7,2009,1939,178119.58
2125,70,5,1902,1923,130223.984
2126,50,6,1716,1915,158069.31
2127,60,6,1984,1910,147125.4
2128,50,6,1609,1910,127447.33
2129,30,6,768,1930,106407.555
2130,70,6,1536,1952,142226.08
2131,50,6,1969,1938,160958.55
2132,50,5,1308,1915,122915.13
2133,30,6,1040,1925,124739.26
2134,50,6,1236,1925,127540.79
2135,30,5,759,1912,112335.49
2136,190,3,1344,1915,88707.54
2137,20,5,1054,1947,121385.86
2138,85,5,1075,1963,139541.27
2139,80,6,1096,1978,149730.69
2140,20,5,992,1967,136872.67
2141,85,6,1034,1978,142997.2
2142,20,5,1073,1967,130753.24
2143,85,5,1126,1984,140537.14
2144,190,5,1140,1920,126385.89
2145,20,5,960,1963,135255.25
2146,20,6,1188,1956,152221.44
2147,190,5,1721,1960,173522.6
2148,50,5,1350,1941,138319.3
2149,80,5,904,1970,142346.67
2150,20,7,1524,1979,214453.5
2151,50,7,1079,1948,120420.94
2152,30,5,1518,1940,150057.33
2153,20,5,1509,1956,150376.39
2154,90,5,864,1975,110726.67
2155,60,6,1269,1962,136156.27
2156,60,6,2814,1995,229174.67
2157,20,7,1626,1994,228268.66
2158,60,7,2200,1993,237702.48
2159,80,7,2037,1996,212334.3
2160,60,7,1356,2007,175289.48
2161,20,8,1615,2007,254032.58
2162,20,9,2276,2008,410296.22
2163,20,9,1766,2008,359432.97
2164,80,8,1511,1995,252237.58
2165,20,6,1643,1966,184366.39
2166,20,5,990,1994,144861.3
2167,20,7,1418,1997,206537.11
2168,60,6,1771,1997,195054.52
2169,60,7,1652,2000,194855.52
2170,60,7,1823,2000,214044.94
2171,20,5,1174,1978,147479.16
2172,20,5,1076,1975,142529.48
2173,20,5,1558,1975,161956.42
2174,60,7,2161,2001,235773.67
2175,60,9,1947,2001,317251.66
2176,20,8,1786,2002,305357.62
2177,60,7,2327,2003,245339.25
2178,60,8,1764,1999,218592.64
2179,120,6,848,2004,142650.52
2180,90,6,1838,1997,212178.31
2181,20,7,1445,2004,194533.02
2182,20,7,1564,2007,232238.44
2183,20,7,1361,2007,201385.94
2184,20,5,1092,1966,133097.06
2185,85,5,1033,1976,135103.12
2186,20,6,1127,1976,147472.11
2187,80,6,1117,1977,145389.69
2188,60,6,1398,1976,155924.39
2189,20,5,3820,1959,234405.94
2190,90,4,1152,1955,90097.89
2191,90,4,1152,1955,92151.33
2192,190,4,784,1955,101999.01
2193,50,5,1053,1938,98635.01
2194,50,5,1137,1947,103843.234
2195,20,4,930,1953,115211.8
2196,80,4,1204,1954,106409.57
2197,30,4,1292,1923,121920.836
2198,30,7,1424,1921,152546.1
2199,90,6,1920,1930,175587.83
2200,70,6,1316,1926,130938.9
2201,50,6,1264,1914,140662.36
2202,70,8,1512,1925,187145.61
2203,70,6,1603,1923,159756.88
2204,50,5,1938,1937,167939.75
2205,50,5,1374,1938,115377.625
2206,20,6,1091,1951,133524.05
2207,70,8,1873,1935,219523.34
2208,50,7,2161,1950,242484.95
2209,20,5,1898,1956,194915.72
2210,160,6,1032,1980,126127.24
2211,30,6,919,1926,119423.66
2212,50,6,1090,1940,117673.74
2213,50,5,1200,1930,101870.93
2214,80,5,1656,1967,141546.47
2215,30,5,912,1930,105658.59
2216,50,5,1955,1958,144827.38
2217,20,1,733,1952,80709.47
2218,70,4,1361,1895,94434.6
2219,50,4,1049,1910,88995.51
2220,70,4,864,1920,81888.3
2221,120,8,1648,2007,298608.56
2222,120,7,1646,2004,241995.19
2223,20,7,2032,1996,266835.2
2224,60,7,1820,1996,223123.42
2225,90,5,1872,1976,140532.25
2226,20,4,1689,1991,184831.36
2227,120,7,1501,1986,194776.14
2228,20,8,1537,2006,272652.78
2229,60,8,1780,2007,239818.02
2230,80,5,1442,2006,161994.6
2231,60,7,1612,2008,217305.97
2232,20,6,1495,1989,181313.16
2233,20,6,1256,1986,177146.67
2234,20,8,1440,2003,240181.64
2235,20,6,1675,1999,201837.36
2236,20,8,1728,2007,263243.12
2237,20,8,1964,2005,349727.38
2238,90,7,1344,1997,207569.17
2239,20,5,1092,2007,107986.336
2240,120,6,1189,1997,159206.9
2241,85,4,1200,1964,153478.48
2242,120,5,1040,1975,137291.48
2243,160,5,1475,1976,135141.02
2244,180,4,988,1973,107771.81
2245,180,4,988,1973,106113.61
2246,20,5,1160,1968,142933.02
2247,160,6,1092,1970,111346.49
2248,20,5,816,1983,128514.36
2249,20,5,845,1982,129076.93
2250,20,5,889,1984,138044.77
2251,70,5,1836,1900,125745.13
2252,20,6,1587,1971,172886.75
2253,80,6,1384,1997,166028.1
2254,80,6,1694,1994,177475.86
2255,60,6,1714,1999,189833.45
2256,60,7,1553,1996,179783.36
2257,60,6,2299,1999,206079.69
2258,20,7,1187,1992,170756.84
2259,60,6,1642,1993,180575.4
2260,20,6,1128,1964,160556.08
2261,120,8,1179,1988,190143.22
2262,120,8,1321,1990,206640.5
2263,60,8,2541,2005,334329.1
2264,20,9,2338,2006,429272.1
2265,190,5,1424,1969,177586.6
2266,120,9,1612,2006,288584.94
2267,20,8,2234,2006,328563.5
2268,20,10,2042,2006,377053.78
2269,20,6,1284,1984,163801.4
2270,60,7,1479,1981,183397.72
2271,20,7,1664,1978,220992.8
2272,60,7,1930,1979,208058.83
2273,20,6,1177,1984,165311.9
2274,20,6,1353,1979,179689.52
2275,20,6,1220,1971,173861.92
2276,80,7,1324,1976,177189.61
2277,60,6,1877,1974,186509.84
2278,20,5,1422,1970,150356.22
2279,20,5,914,1970,125836.266
2280,20,4,914,1961,119059.22
2281,120,6,1337,2001,177464.72
2282,120,6,1337,1997,182149.3
2283,160,6,1092,1973,110906.99
2284,160,6,1218,1973,115983.28
2285,120,7,1055,1978,148825.48
2286,20,5,988,1966,130422.805
2287,20,9,1816,2006,350833.1
2288,20,8,1694,2006,280318.4
2289,20,8,2122,2007,372627.53
2290,60,9,2656,2007,413588.34
2291,60,8,2550,2006,313663.94
2292,20,10,2046,2005,424103.0
2293,20,9,2552,2007,433565.16
2294,60,9,2758,2005,384006.6
2295,20,10,2290,2007,448260.4
2296,60,8,2152,2007,271943.6
2297,60,8,2100,2007,318475.75
2298,20,9,1802,2006,357609.2
2299,60,8,2956,2004,361509.47
2300,60,8,2385,2003,327776.12
2301,60,8,1818,2007,295480.56
2302,20,7,1614,2005,246534.1
2303,20,8,1721,2005,245378.36
2304,60,8,1828,2006,256435.5
2305,120,6,1302,2005,184039.05
2306,120,6,1302,2005,185426.28
2307,120,6,1362,2005,192886.08
2308,120,8,1554,2006,223315.61
2309,120,9,1577,2005,291079.56
2310,120,8,1324,2006,214318.61
2311,120,7,1405,2003,206189.88
2312,60,6,1496,2007,176948.03
2313,60,6,1536,2005,177696.88
2314,60,7,1458,2006,176701.34
2315,60,6,1495,2006,176693.1
2316,60,6,1746,2006,196013.28
2317,20,6,1326,2005,180327.86
2318,60,6,1504,2007,175993.23
2319,60,7,1456,2007,175899.11
2320,20,7,1258,2007,178110.67
2321,120,8,1589,2003,248048.2
2322,20,7,1266,2007,178020.83
2323,80,7,1119,2004,181803.88
2324,80,7,1374,2004,175102.08
2325,20,7,1525,2006,213781.44
2326,80,7,1394,2003,171053.36
2327,60,7,1948,2003,209841.0
2328,60,7,1995,2002,219966.84
2329,60,6,1690,2000,183086.5
2330,60,6,1644,1999,180956.64
2331,60,8,2551,1997,352675.12
2332,60,9,3078,1998,375736.34
2333,60,8,2582,1998,314101.0
2334,60,7,2385,1998,259417.23
2335,60,8,2202,1992,258025.36
2336,60,8,2538,1996,324311.28
2337,20,7,1369,2007,208493.52
2338,20,8,1542,2007,275385.0
2339,20,8,1534,2006,232883.66
2340,20,10,1966,2007,395306.22
2341,20,7,1528,2007,222775.19
2342,20,8,1538,2005,235703.14
2343,20,7,1506,2005,224670.05
2344,60,7,1977,2006,238527.39
2345,60,8,1830,2006,241474.94
2346,20,8,1338,2007,216767.98
2347,20,7,1335,2006,202688.86
2348,60,8,1792,2007,232986.16
2349,60,5,1588,2007,171531.78
2350,60,8,1880,2007,293859.53
2351,20,8,1584,2007,249161.72
2352,20,8,1685,2006,249308.23
2353,60,6,2443,2004,243550.95
2354,20,6,1100,2006,117995.016
2355,20,7,1143,2006,142884.19
2356,20,5,1094,2003,152938.61
2357,20,7,1486,2006,203157.06
2358,60,6,1820,1993,193698.67
2359,160,6,1266,1980,133876.78
2360,20,5,894,1977,123261.14
2361,20,5,1040,1968,140916.27
2362,60,7,2503,1990,254947.28
2363,20,5,1037,1974,140833.12
2364,20,6,1055,1973,154795.6
2365,120,8,1378,2004,219430.73
2366,120,8,1151,2006,193697.66
2367,120,8,1565,2006,224177.97
2368,120,7,1352,2006,208604.33
2369,120,8,1550,2006,223393.88
2370,160,6,1501,1999,173149.58
2371,160,6,1573,2000,171217.72
2372,20,7,1358,1999,194122.11
2373,60,8,2048,2003,261137.81
2374,60,8,2362,1998,282999.75
2375,120,8,1494,1994,237679.56
2376,20,7,2362,1980,264117.72
2377,20,8,2497,1981,308264.84
2378,20,6,1152,1968,147753.77
2379,60,6,2411,1970,205129.8
2380,85,6,1082,1969,145571.05
2381,20,6,1295,1968,164944.28
2382,20,7,1610,1972,189116.92
2383,20,7,1594,1993,206900.92
2384,60,7,2075,1993,243573.48
2385,20,6,1093,1966,156629.86
2386,20,6,1052,1963,137690.3
2387,20,5,1107,1967,134706.98
2388,90,4,1224,1964,116752.016
2389,20,5,1074,1956,131688.25
2390,20,5,1187,1961,146791.69
2391,20,5,964,1961,140831.02
2392,20,5,894,1960,116868.734
2393,20,7,1200,1966,162422.62
2394,80,6,1042,1965,142706.14
2395,60,6,2154,1964,190688.34
2396,20,6,1374,1964,148083.05
2397,20,6,1652,1959,184849.92
2398,45,5,908,1940,129085.38
2399,20,3,666,1946,75294.02
2400,50,3,670,1945,73111.06
2401,20,5,808,1958,121341.06
2402,20,5,1150,1955,133958.25
2403,90,5,1560,1968,138418.3
2404,85,5,1280,1966,154156.28
2405,80,6,1254,1961,161940.7
2406,20,6,936,1957,135763.2
2407,20,5,1008,1956,130698.836
2408,20,5,1053,1963,139413.67
2409,20,5,1144,1960,133739.06
2410,20,6,1721,1957,166259.81
2411,20,5,922,1957,123869.266
2412,20,5,1411,1955,151333.17
2413,20,5,1216,1955,133896.42
2414,20,5,1154,1953,138860.66
2415,90,5,1560,1958,131951.4
2416,20,6,948,1952,127059.77
2417,20,6,1040,1953,128834.8
2418,20,5,925,1956,126836.766
2419,50,4,1540,1955,127868.78
2420,20,5,925,1955,130185.17
2421,20,4,1647,1953,145975.53
2422,20,5,924,1952,116454.75
2423,50,4,1544,1890,124199.61
2424,50,5,1728,1953,148236.45
2425,70,5,3086,1935,223031.6
2426,50,4,1281,1925,135421.02
2427,70,5,1534,1895,126336.836
2428,80,7,1651,1963,173585.95
2429,20,5,888,1961,121728.57
2430,20,6,952,1968,132530.92
2431,20,5,1238,1950,125915.37
2432,20,5,1040,1959,134699.22
2433,20,5,1170,1958,142622.05
2434,20,5,1242,1960,141798.08
2435,20,5,1377,1960,149685.06
2436,20,5,925,1961,107972.07
2437,20,5,864,1962,116755.54
2438,85,5,936,1962,130919.62
2439,30,5,960,1926,118260.586
2440,50,6,1296,1927,124578.42
2441,30,5,1022,1922,111692.41
2442,30,5,967,1920,109225.39
2443,30,5,1072,1940,125680.17
2444,50,5,1174,1900,129796.27
2445,50,4,1141,1900,92789.71
2446,70,4,1798,1900,132620.67
2447,70,8,1772,1910,201976.06
2448,70,6,1642,1927,144902.89
2449,70,5,1232,1910,109815.02
2450,50,6,1650,1910,144077.69
2451,70,5,1358,1930,133550.06
2452,75,7,2454,1879,208928.14
2453,20,4,968,1956,95855.33
2454,80,4,1382,1949,131741.95
2455,40,5,1060,1925,122019.68
2456,50,5,1435,1950,132801.03
2457,50,5,1274,1939,124439.81
2458,70,6,1232,1939,120454.805
2459,45,5,884,1939,108792.44
2460,50,6,1409,1938,149442.45
2461,50,5,1322,1939,116118.71
2462,50,5,1426,1930,132573.7
2463,50,5,1281,1926,119774.586
2464,70,6,2264,1918,161312.16
2465,50,6,1376,1920,133377.9
2466,50,5,1316,1926,118792.54
2467,70,7,1344,1929,150383.08
2468,45,5,1173,1901,97968.61
2469,50,5,1214,1901,94183.16
2470,80,6,2294,1963,193097.08
2471,60,7,1952,1950,197082.16
2472,50,6,2180,1915,163025.81
2473,190,4,1315,1958,125599.48
2474,50,4,1484,1910,105203.13
2475,70,7,2267,1937,224443.06
2476,190,5,1282,1942,119965.03
2477,190,5,999,1963,131996.89
2478,85,5,1452,1964,157897.8
2479,20,4,1005,1964,117772.66
2480,80,5,1020,1964,149397.36
2481,20,5,1040,1966,126288.07
2482,190,5,868,1971,133948.84
2483,20,5,897,1968,119159.414
2484,20,5,943,1967,127282.08
2485,20,5,912,1966,127617.766
2486,20,5,1375,1956,151129.47
2487,60,5,2654,1920,195793.56
2488,50,7,1302,1940,151706.72
2489,20,6,1299,1954,153982.77
2490,20,5,1176,1958,147940.39
2491,20,4,998,1945,98691.734
2492,20,6,1522,1984,185057.72
2493,20,5,1325,1948,150265.31
2494,20,5,1630,1953,158987.62
2495,20,4,1242,1946,99923.07
2496,20,6,2422,1954,223020.34
2497,50,6,1626,1954,142635.06
2498,20,5,864,1958,120144.77
2499,30,4,943,1958,98711.47
2500,120,5,1038,1984,136786.25
2501,20,5,1342,1951,133757.45
2502,50,5,1480,1951,141119.56
2503,50,4,1362,1920,110962.35
2504,50,6,1822,1984,187483.67
2505,60,7,1958,1994,219817.98
2506,20,8,1651,2007,261802.28
2507,20,8,2140,2006,305114.38
2508,20,8,1651,2007,259980.7
2509,20,7,1546,2005,231831.36
2510,20,8,1500,2006,229781.33
2511,20,7,1270,2005,189846.1
2512,60,7,1795,2005,214243.6
2513,60,7,1873,1988,216738.58
2514,20,8,1743,1976,242012.53
2515,20,5,1022,1994,150930.22
2516,60,6,1308,1997,169167.28
2517,20,5,990,1994,134786.95
2518,20,5,1097,1996,143748.4
2519,60,7,1873,1999,221912.23
2520,60,7,1753,1998,206737.3
2521,60,7,1690,2001,196140.95
2522,60,7,1842,2000,217772.84
2523,20,5,894,1974,133368.02
2524,80,5,1025,1976,143323.11
2525,80,5,1009,1977,147726.73
2526,20,5,1040,1977,140057.33
2527,20,5,907,1977,122929.57
2528,20,5,879,1975,130519.42
2529,20,5,864,1972,134311.2
2530,20,4,875,1972,120348.45
2531,20,7,1673,2000,237027.75
2532,60,7,1932,2003,227222.7
2533,60,7,1729,2002,202557.58
2534,20,8,1592,1994,231188.64
2535,60,8,2439,2001,270359.3
2536,60,7,1992,1996,236184.16
2537,20,8,1341,1999,230054.08
2538,60,7,1476,2007,184949.2
2539,20,7,1190,2005,189002.58
2540,20,6,1330,2006,180626.77
2541,60,7,1491,2006,180812.81
2542,60,5,1536,2005,169822.55
2543,85,5,936,1967,130860.44
2544,20,4,1088,1963,124366.305
2545,50,5,1351,1925,138723.17
2546,20,6,1179,1960,137850.92
2547,80,6,1044,1976,138988.17
2548,90,5,2233,1979,161244.58
2549,60,5,1408,2005,164337.56
2550,20,10,5095,2008,477844.38
2551,180,6,1072,2005,141644.56
2552,20,5,960,1959,124296.68
2553,90,4,1152,1955,89373.61
2554,90,5,1195,1946,115075.29
2555,40,6,865,1920,118135.39
2556,20,4,768,1955,109643.56
2557,20,4,864,1955,118239.53
2558,90,5,2592,1923,159142.17
2559,30,5,1422,1926,136801.23
2560,50,6,1298,1921,138701.05
2561,70,7,1098,1930,133240.55
2562,70,6,1436,1921,133717.66
2563,70,6,1461,1926,145678.64
2564,70,7,1718,1927,179440.83
2565,20,5,1226,1951,136536.5
2566,50,4,1755,1930,149409.94
2567,190,5,1355,1941,130445.28
2568,20,6,1560,1960,194697.84
2569,20,6,1488,1968,189143.19
2570,160,6,1045,1980,126335.42
2571,20,4,1680,1995,179004.72
2572,120,8,1020,1988,173299.12
2573,20,7,1696,1971,225641.2
2574,20,8,2726,1986,268102.72
2575,50,6,1215,1940,129082.46
2576,50,5,1601,1925,127593.2
2577,70,5,1828,1923,136395.89
2578,30,5,816,1922,99367.414
2579,50,2,845,1939,80647.23
2580,190,5,1991,1895,131343.89
2581,20,4,1073,1957,136129.33
2582,30,5,1001,1930,123924.73
2583,120,8,1625,2006,272452.28
2584,85,6,1299,1979,164664.86
2585,20,5,1392,2002,197365.22
2586,20,7,1409,2002,211358.38
2587,20,7,1478,1991,196662.14
2588,80,7,918,1975,147863.39
2589,85,6,1026,1974,144379.61
2590,120,7,1501,1987,211501.27
2591,20,6,2279,1958,208471.31
2592,20,7,1689,2006,219762.36
2593,20,8,1564,2006,244779.48
2594,20,7,1240,1985,175285.25
2595,20,8,1312,2001,206789.88
2596,20,8,1922,2002,326114.2
2597,20,6,1491,1996,189469.58
2598,60,7,2486,2003,258370.27
2599,20,10,1824,2006,342184.0
2600,20,3,2034,1953,171779.08
2601,120,6,936,1996,141244.64
2602,160,4,1092,1972,89153.31
2603,180,4,992,1970,98028.89
2604,160,4,1092,1970,87047.46
2605,160,4,1092,1976,91665.86
2606,85,5,1008,1977,146201.31
2607,80,6,1356,1977,178937.88
2608,20,5,1676,1977,194614.0
2609,60,5,1432,1977,165672.58
2610,85,5,796,1971,111356.1
2611,20,4,1608,1961,135891.14
2612,20,5,1178,1976,151604.42
2613,20,5,816,1983,131103.7
2614,20,5,887,1984,130843.09
2615,20,6,1293,1954,149045.95
2616,20,6,1024,1956,140547.86
2617,20,5,1797,1957,180063.14
2618,20,6,1390,1957,180558.4
2619,20,7,1851,1969,211434.25
2620,60,6,1525,1997,183775.23
2621,60,6,1671,1995,183030.33
2622,60,6,1776,1996,188969.98
2623,60,8,2064,2005,243370.86
2624,60,7,2212,2005,273741.2
2625,160,8,2687,1994,277853.94
2626,20,6,1169,1993,168281.8
2627,120,8,1204,1987,180414.14
2628,60,9,2798,2005,420431.38
2629,60,10,3390,2006,466849.06
2630,60,9,2473,2006,351870.44
2631,60,10,2698,2006,433649.62
2632,60,9,2795,2005,401965.78
2633,120,9,1714,2005,305176.97
2634,20,9,2000,2005,396861.84
2635,85,6,1102,1980,153041.83
2636,60,7,1857,1978,194435.81
2637,85,7,1083,1976,170938.3
2638,60,7,2318,2005,251456.02
2639,80,6,1875,1975,185044.36
2640,20,6,1103,1974,152266.22
2641,20,4,874,1971,115559.234
2642,120,6,1419,2002,187292.12
2643,160,6,1092,1973,116836.84
2644,160,5,1365,1973,140330.2
2645,160,6,1030,1972,109292.06
2646,160,6,948,1972,101341.56
2647,160,6,1092,1972,109506.9
2648,120,6,1069,1975,141499.5
2649,20,5,1387,1967,144940.75
2650,120,7,1055,1976,146621.98
2651,160,6,1456,1976,154839.05
2652,60,9,2589,2006,416185.0
2653,20,8,1618,2004,266944.0
2654,20,7,1740,2006,259153.86
2655,20,9,1868,2005,378406.2
2656,60,9,2206,2005,341838.44
2657,60,9,2091,2005,323460.22
2658,60,8,2253,2005,276602.22
2659,60,8,2389,2006,295861.75
2660,60,8,2358,2005,315281.22
2661,20,9,1792,2005,358450.7
2662,20,9,1780,2004,363121.1
2663,60,8,1914,2004,291911.3
2664,120,9,1565,2005,284745.16
2665,20,9,1686,2006,332424.53
2666,120,9,1666,2006,299268.2
2667,60,6,1456,2005,173229.84
2668,60,7,1492,2006,178828.1
2669,20,6,1326,2006,176372.81
2670,60,8,2373,2004,281686.44
2671,60,7,1492,2006,179636.58
2672,120,7,1364,2006,188063.7
2673,120,7,1511,2002,202205.66
2674,120,7,1548,2004,202539.14
2675,120,7,1142,2005,167893.6
2676,60,7,1598,2004,188370.69
2677,60,6,1889,2000,193352.31
2678,60,7,2322,2006,257666.86
2679,60,8,1976,1998,286001.56
2680,60,8,2234,2000,283336.3
2681,60,9,2855,2000,380747.4
2682,60,8,2726,1995,318945.8
2683,60,9,3500,1993,476175.28
2684,60,8,2494,1994,308442.4
2685,60,8,2799,1993,325703.2
2686,60,8,1964,2005,253249.83
2687,20,8,1670,2006,312274.94
2688,20,8,1504,2006,223416.98
2689,20,8,1278,2006,208212.14
2690,60,9,2640,2006,447007.25
2691,60,6,1716,2005,191062.3
2692,20,6,1142,2005,121314.69
2693,20,7,1400,2005,199096.22
2694,20,6,1131,2005,120762.19
2695,60,7,1686,2005,198186.19
2696,60,7,1585,2005,188544.22
2697,60,6,1837,1997,190326.97
2698,60,6,1731,1992,194617.36
2699,120,6,1398,1990,178191.28
2700,120,6,1217,1991,166341.19
2701,60,6,1320,1994,163642.31
2702,20,5,988,1962,120140.7
2703,90,6,1654,1977,139201.5
2704,20,5,1211,1962,145368.81
2705,20,5,984,1965,127946.72
2706,20,5,909,1968,122219.164
2707,20,5,925,1963,128621.734
2708,20,5,1024,1965,134493.89
2709,20,5,912,1964,108817.99
2710,20,5,941,1967,131658.27
2711,80,7,2646,1974,272637.6
2712,60,8,2826,1992,355059.62
2713,120,7,1143,2004,178921.75
2714,160,7,1223,2005,164541.0
2715,160,6,1524,2000,170592.95
2716,160,7,1080,2003,159500.92
2717,60,7,1694,1997,186560.64
2718,20,8,1568,2001,234224.25
2719,190,5,1193,1972,155175.16
2720,20,7,1334,1967,168597.45
2721,20,5,1051,1968,140126.4
2722,60,5,1770,1968,158887.8
2723,20,6,976,1968,147287.25
2724,85,5,898,1968,132143.58
2725,20,5,1051,1966,134025.73
2726,80,5,1141,1967,140808.23
2727,190,6,1565,1965,167414.81
2728,20,6,1488,1964,166741.64
2729,60,5,1440,1964,154635.67
2730,20,5,1248,1960,141965.89
2731,30,6,816,1934,123560.67
2732,20,5,1043,1947,120950.24
2733,20,5,1433,1961,158265.66
2734,20,5,1624,1952,145846.62
2735,20,5,1216,1951,132998.38
2736,60,5,1728,1949,147702.52
2737,20,5,936,1954,124037.96
2738,90,5,1584,1967,135364.25
2739,80,6,1246,1964,164030.53
2740,20,6,1008,1963,133413.56
2741,20,5,1364,1957,146058.69
2742,20,6,1336,1958,157017.95
2743,80,5,1370,1956,144813.03
2744,20,6,1124,1956,144148.12
2745,20,6,1050,1954,135938.56
2746,20,5,1008,1952,132292.03
2747,20,6,1575,1951,150000.86
2748,80,5,1145,1956,126811.664
2749,20,5,1005,1956,129975.19
2750,20,5,1056,1955,131696.31
2751,20,5,884,1951,129807.484
2752,30,7,2039,1941,236023.61
2753,20,5,1384,1956,152797.16
2754,190,5,2640,1925,219653.89
2755,50,6,1312,1947,132710.81
2756,30,3,713,1930,97938.61
2757,30,3,715,1929,88649.77
2758,50,4,720,1900,95915.95
2759,70,6,1595,1915,151558.11
2760,50,4,1760,1910,139229.66
2761,80,6,1146,1963,144439.14
2762,20,6,1207,1962,145021.36
2763,20,6,1773,1961,185261.28
2764,20,7,1472,1959,168712.8
2765,60,7,2448,1962,253727.45
2766,50,4,1521,1950,134810.62
2767,90,3,1040,1950,90933.305
2768,90,5,1556,1960,126704.12
2769,20,5,1150,1961,129345.945
2770,20,7,1045,1962,149077.02
2771,20,5,864,1962,122416.02
2772,190,5,1025,1962,115211.56
2773,70,5,2014,1900,153707.89
2774,50,5,1668,1948,134616.56
2775,50,4,1657,1920,133048.03
2776,50,6,1416,1900,140657.05
2777,70,7,1428,1900,148467.61
2778,70,7,1004,1930,117044.72
2779,190,4,1951,1900,130496.9
2780,30,6,1032,1924,113639.04
2781,30,5,844,1925,103821.86
2782,20,4,864,1950,93976.42
2783,70,3,1376,1905,105758.97
2784,190,5,960,1955,129033.87
2785,50,5,1566,1924,135818.6
2786,30,3,492,1921,84387.484
2787,50,6,1182,1945,119545.37
2788,30,3,840,1920,90831.9
2789,75,7,2104,1910,189384.47
2790,90,5,1248,1920,98627.47
2791,20,5,960,1958,119865.33
2792,50,3,1020,1918,80479.81
2793,70,6,1827,1924,158894.42
2794,50,3,1162,1930,105100.664
2795,50,5,1324,1930,119324.27
2796,30,5,816,1925,102070.28
2797,50,6,2486,1962,189084.08
2798,50,4,1430,1924,115677.305
2799,70,5,1330,1910,124047.85
2800,30,5,819,1919,79929.664
2801,30,6,984,1930,114886.82
2802,50,5,1422,1951,137727.62
2803,90,6,1921,1964,153870.83
2804,20,5,1640,1950,144341.58
2805,30,5,1032,1935,103650.13
2806,30,5,879,1936,96974.95
2807,20,7,1073,2004,156544.5
2808,20,5,1064,1967,149892.69
2809,80,6,934,1964,133057.34
2810,20,5,1059,1966,133857.95
2811,20,5,1458,1967,161559.97
2812,80,6,1040,1978,147266.05
2813,90,5,1967,1977,161219.36
2814,90,5,1949,1977,159637.98
2815,30,5,872,1924,108309.71
2816,20,7,1830,1967,228661.11
2817,20,5,1000,1963,145173.33
2818,85,5,810,1971,132791.28
2819,150,7,1700,1980,170560.55
2820,20,4,1350,1954,141416.6
2821,50,5,1150,1942,119269.47
2822,70,6,2009,1928,191217.78
2823,75,6,3672,1935,252465.81
2824,80,5,1560,1962,179943.89
2825,20,5,1488,1952,157678.89
2826,20,5,1057,1955,128999.08
2827,50,6,1609,1953,137331.61
2828,60,6,2559,1989,221134.75
2829,90,6,1440,1993,197919.62
2830,60,7,1876,2005,237403.23
2831,20,7,1208,2005,192748.98
2832,20,6,1846,2006,221338.45
2833,20,8,1590,2005,285026.38
2834,60,7,1809,2005,214923.45
2835,20,7,1614,2005,221966.86
2836,60,7,1596,2005,198222.06
2837,20,6,1388,1968,171409.97
2838,20,5,1100,1996,145456.02
2839,60,6,1499,1995,182187.11
2840,20,7,1425,1998,195855.22
2841,60,7,1749,1999,202751.1
2842,60,7,1779,1999,218849.11
2843,60,6,1388,1977,150587.78
2844,80,6,1282,1978,159886.88
2845,20,5,864,1972,125247.836
2846,60,7,1762,2002,209558.06
2847,60,6,1755,1999,194387.58
2848,20,8,1358,2002,217859.08
2849,60,7,1909,2002,210786.12
2850,60,8,2214,1999,278733.03
2851,60,7,2049,1996,230437.0
2852,60,7,1939,1998,234302.81
2853,60,7,1995,1995,235555.86
2854,120,6,848,2003,140256.47
2855,20,7,1390,2003,204162.69
2856,60,7,1737,2006,209179.3
2857,60,7,1611,2005,192677.88
2858,20,7,1336,2005,198210.27
2859,70,4,1436,1910,134847.31
2860,90,6,1012,1975,125339.734
2861,20,5,1176,1969,132746.75
2862,60,7,1724,2003,204080.0
2863,20,6,914,2002,114858.69
2864,60,7,2314,2003,251096.48
2865,180,6,1072,2005,141439.86
2866,160,7,1709,2004,142610.81
2867,50,4,936,1948,88853.125
2868,50,6,1338,1915,121540.33
2869,50,4,1669,1924,122682.18
2870,20,4,1482,1954,152354.02
2871,50,4,1414,1922,106211.56
2872,30,2,498,1922,77643.21
2873,50,4,1273,1910,107972.9
2874,50,5,1551,1938,137958.1
2875,190,6,1340,1945,126803.31
2876,70,7,1479,1926,157708.05
2877,70,6,1510,1920,133434.25
2878,70,7,1636,1919,168733.72
2879,50,5,1465,1939,144057.38
2880,50,5,1288,1941,112533.69
2881,50,6,1550,1920,152193.5
2882,50,5,1717,1940,157943.67
2883,50,7,1671,1929,176309.47
2884,70,7,1609,1932,197878.02
2885,70,6,1801,1930,175098.77
2886,60,5,2315,1950,201296.86
2887,30,5,976,1942,110103.03
2888,50,6,1285,1926,131453.78
2889,30,4,672,1925,72156.04
2890,30,4,641,1925,84754.29
2891,50,6,1638,1957,137507.58
2892,30,3,729,1945,74299.57
2893,190,5,1396,1951,110505.35
2894,50,3,936,1916,69964.41
2895,120,8,1778,2005,291648.8
2896,120,8,1646,2004,282027.53
2897,20,6,1625,1979,189988.66
2898,90,6,1664,1978,154291.55
2899,20,8,1491,2001,223850.5
2900,80,6,1210,1975,157443.1
2901,20,6,1650,1958,187556.81
2902,20,6,1403,2000,185554.19
2903,20,8,1960,2005,337699.53
2904,20,9,1838,2005,348333.38
2905,20,1,1600,1951,113254.04
2906,90,7,1368,1997,204797.3
2907,160,5,1304,1977,119420.15
2908,20,5,874,1968,129728.77
2909,90,5,1652,1970,153274.77
2910,180,4,630,1970,86009.82
2911,160,4,1092,1972,89968.9
2912,20,5,1360,1969,151027.23
2913,160,4,1092,1970,93205.34
2914,160,4,1092,1970,83041.07
2915,160,4,1092,1970,85151.08
2916,160,4,1092,1970,91051.63
2917,20,5,1224,1960,166792.34
2918,85,5,970,1992,108717.85
2919,60,7,2000,1993,239716.02
